{
    "questions": [
      {
        "id": 1,
        "title": "Who was the founder of the Achaemenid Empire?",
        "answers": [
          { "id": 1, "isCorrect": true, "text": "Cyrus the Great" },
          { "id": 2, "isCorrect": false, "text": "Darius I" },
          { "id": 3, "isCorrect": false, "text": "Xerxes I" },
          { "id": 4, "isCorrect": false, "text": "Artaxerxes I" }
        ]
      },
      {
        "id": 2,
        "title": "In which century did the Sassanian Empire begin?",
        "answers": [
          { "id": 1, "isCorrect": false, "text": "3rd century BCE" },
          { "id": 2, "isCorrect": true, "text": "3rd century CE" },
          { "id": 3, "isCorrect": false, "text": "1st century CE" },
          { "id": 4, "isCorrect": false, "text": "5th century CE" }
        ]
      },
      {
        "id": 3,
        "title": "Who was the last emperor of the Sassanian dynasty?",
        "answers": [
          { "id": 1, "isCorrect": true, "text": "Yazdegerd III" },
          { "id": 2, "isCorrect": false, "text": "Khosrow II" },
          { "id": 3, "isCorrect": false, "text": "Ardashir I" },
          { "id": 4, "isCorrect": false, "text": "Bahram V" }
        ]
      },
      {
        "id": 4,
        "title": "What is the name of the Persian poet who wrote Shahnameh?",
        "answers": [
          { "id": 1, "isCorrect": true, "text": "Ferdowsi" },
          { "id": 2, "isCorrect": false, "text": "Hafez" },
          { "id": 3, "isCorrect": false, "text": "Rumi" },
          { "id": 4, "isCorrect": false, "text": "Saadi" }
        ]
      },
      {
        "id": 5,
        "title": "Which dynasty ruled Iran before the Safavids?",
        "answers": [
          { "id": 1, "isCorrect": false, "text": "Qajar" },
          { "id": 2, "isCorrect": false, "text": "Pahlavi" },
          { "id": 3, "isCorrect": true, "text": "Timurid" },
          { "id": 4, "isCorrect": false, "text": "Zand" }
        ]
      },
      {
        "id": 6,
        "title": "When did the Islamic conquest of Persia occur?",
        "answers": [
          { "id": 1, "isCorrect": false, "text": "5th century CE" },
          { "id": 2, "isCorrect": true, "text": "7th century CE" },
          { "id": 3, "isCorrect": false, "text": "9th century CE" },
          { "id": 4, "isCorrect": false, "text": "10th century CE" }
        ]
      },
      {
        "id": 7,
        "title": "Who was the famous Persian scholar during the Islamic Golden Age?",
        "answers": [
          { "id": 1, "isCorrect": false, "text": "Al-Khwarizmi" },
          { "id": 2, "isCorrect": true, "text": "Avicenna (Ibn Sina)" },
          { "id": 3, "isCorrect": false, "text": "Omar Khayyam" },
          { "id": 4, "isCorrect": false, "text": "Rumi" }
        ]
      },
      {
        "id": 8,
        "title": "Which empire ruled Iran in the early 20th century before the Pahlavi dynasty?",
        "answers": [
          { "id": 1, "isCorrect": true, "text": "Qajar dynasty" },
          { "id": 2, "isCorrect": false, "text": "Safavid dynasty" },
          { "id": 3, "isCorrect": false, "text": "Achaemenid Empire" },
          { "id": 4, "isCorrect": false, "text": "Sassanian Empire" }
        ]
      },
      {
        "id": 9,
        "title": "Who led the Constitutional Revolution in Iran?",
        "answers": [
          { "id": 1, "isCorrect": true, "text": "Sattar Khan" },
          { "id": 2, "isCorrect": false, "text": "Reza Shah" },
          { "id": 3, "isCorrect": false, "text": "Naser al-Din Shah" },
          { "id": 4, "isCorrect": false, "text": "Mohammad Mossadegh" }
        ]
      },
      {
        "id": 10,
        "title": "What year did the Persian Empire fall to Alexander the Great?",
        "answers": [
          { "id": 1, "isCorrect": true, "text": "330 BCE" },
          { "id": 2, "isCorrect": false, "text": "500 BCE" },
          { "id": 3, "isCorrect": false, "text": "550 BCE" },
          { "id": 4, "isCorrect": false, "text": "250 BCE" }
        ]
      }
    ]
  }
  