{
  "products": [
    {
      "id": "1",
      "title": "نینتندو سوییچ",
      "count": "1212",
      "colors": "1",
      "price": "200",
      "img": "",
      "sale": "532",
      "category": "کنسول دستی",
      "productDesc": "توضیحات تستی",
      "url": "/ninswitch"
    },
    {
      "id": "2",
      "title": "پلی استیشن 4",
      "count": "792",
      "colors": "1",
      "price": "299",
      "img": "",
      "sale": "532",
      "category": "کنسول بازی",
      "productDesc": "توضیحات تستی",
      "url": "/ps4"
    }
  ],
  "users": [
    {
      "firsname": "علی",
      "lastname": "حسینی",
      "username": "ali_9001",
      "password": "ali190012",
      "phone": 9943287617,
      "city": "شیراز",
      "email": "ali_9001@gmail.com",
      "address": "شیراز - خیابان فلان - کوچه فلان",
      "score": "44",
      "buy": 8541000,
      "id": "3"
    }
  ],
  "comments": [
    {
      "body": "متن کامنت تستی",
      "date": "1403-01-01",
      "hour": "12:09",
      "userID": "علی",
      "productID": "نینتندو سوییچ",
      "isReply": 0,
      "replyId": 0,
      "isAccept": 1,
      "id": "1"
    },
    {
      "body": "متن کامنت تستی",
      "date": "1403-01-01",
      "hour": "12:09",
      "userID": "علی",
      "productID": "نینتندو سوییچ",
      "isReply": 0,
      "replyId": 0,
      "isAccept": 0,
      "id": "2"
    }
  ],
  "orders": [
    {
      "count": 1,
      "price": 16200000,
      "popularity": 91,
      "productID": "نینتندو سوییچ",
      "userID": "علی",
      "isActive": 1,
      "date": "1403-01-01",
      "hour": "12:09",
      "off": 1800000,
      "allPrice": 18000000,
      "saleCount": null,
      "id": "1"
    }
  ],
  "offs": [
    {
      "code": "2390as",
      "percent": "20",
      "admin": "اهورا شاکرمی",
      "product": "نینتندو سوییچ",
      "date": "1403-01-01",
      "isActive": 1,
      "id": "1"
    },
    {
      "code": "5611po",
      "percent": 30,
      "admin": "اهورا شاکرمی",
      "product": "هندزفری بلوتوثی",
      "date": "1402-09-12",
      "isActive": 1,
      "id": "2"
    }
  ]
}